Region,Mean Dice,Std Dev
ET,0.8484648621374555,0.2536454438835396
TC,0.8737264341959402,0.260745329907471
WT,0.8164814560494154,0.2694328070703259
